<?xml version="1.0" encoding="UTF-8"?>
<QCARConfig xmlns:xsi="http://www.w3.org/2001/XMLSchema-instance" xsi:noNamespaceSchemaLocation="qcar_config.xsd">
  <Tracking>
    <ImageTarget name="ari_idol_onepiece" size="287.000000 589.000000" />
    <ImageTarget name="ari_idol_top" size="447.000000 293.000000" />
    <ImageTarget name="ari_idol_shoes" size="454.000000 668.000000" />
    <ImageTarget name="ari_idol_bottom" size="594.000000 445.000000" />
    <ImageTarget name="ari_idol_acc" size="696.000000 409.000000" />
    <ImageTarget name="suha_teacher_bottom2" size="448.000000 513.000000" />
    <ImageTarget name="suha_officeworker_bottom" size="427.000000 456.000000" />
    <ImageTarget name="suha_snoop_bottom" size="469.000000 459.000000" />
    <ImageTarget name="suha_snoop_top" size="379.000000 441.000000" />
    <ImageTarget name="suha_snoop_top2" size="478.000000 432.000000" />
    <ImageTarget name="suha_snoop_bottom2" size="496.000000 428.000000" />
    <ImageTarget name="suha_snoop_shoes" size="468.000000 459.000000" />
    <ImageTarget name="suha_vet_top" size="447.000000 527.000000" />
    <ImageTarget name="suha_vet_shoes" size="570.000000 379.000000" />
    <ImageTarget name="suha_vet_bottom" size="438.000000 653.000000" />
    <ImageTarget name="shuel_patissier_onepiece" size="307.000000 587.569519" />
    <ImageTarget name="shuel" size="500.000000 458.661407" />
    <ImageTarget name="min" size="548.000000 424.000000" />
    <ImageTarget name="ari" size="506.000000 436.000000" />
    <ImageTarget name="min_stewardess_acc" size="596.000000 373.000000" />
    <ImageTarget name="min_stewardess_bottom" size="443.000000 559.000000" />
    <ImageTarget name="min_stewardess_top" size="540.000000 535.000000" />
    <ImageTarget name="min_stewardess_shoes" size="552.000000 427.000000" />
    <ImageTarget name="min_babysitter_bottom2" size="446.000000 665.000000" />
    <ImageTarget name="min_police_top" size="305.000000 509.000000" />
    <ImageTarget name="min_police_acc" size="473.000000 421.000000" />
    <ImageTarget name="min_police_shoes" size="583.000000 517.000000" />
    <ImageTarget name="min_police_bottom" size="473.000000 473.000000" />
    <ImageTarget name="min_fitnesstrainer_shoes2" size="569.000000 445.000000" />
    <ImageTarget name="min_babysitter_top2" size="587.000000 488.000000" />
    <ImageTarget name="min_babysitter_shoes2" size="587.000000 495.000000" />
    <ImageTarget name="shuel_codi_top" size="599.000000 312.000000" />
    <ImageTarget name="shuel_cats_acc" size="542.000000 486.000000" />
    <ImageTarget name="shuel_figure_onpiece" size="535.000000 519.000000" />
    <ImageTarget name="shuel_figure_shoes" size="525.000000 486.000000" />
    <ImageTarget name="shuel_idol_onepiece" size="455.000000 507.000000" />
    <ImageTarget name="shuel_patissier_acc" size="478.000000 482.000000" />
    <ImageTarget name="shuel_coid_bottom" size="430.000000 615.000000" />
    <ImageTarget name="shuel_codi_shoes" size="474.000000 462.000000" />
    <ImageTarget name="shuel_idol_acc" size="552.000000 430.000000" />
    <ImageTarget name="shuel_idol_shoes" size="463.000000 560.000000" />
    <ImageTarget name="shuel_cats_onepiece" size="564.000000 594.000000" />
    <ImageTarget name="shuel_cats_shoes" size="412.000000 629.000000" />
    <ImageTarget name="suha_teacher_shoes2" size="663.000000 365.000000" />
    <ImageTarget name="suha_teacher_top" size="655.000000 348.000000" />
    <ImageTarget name="suha_teacher_bottom" size="483.000000 643.000000" />
    <ImageTarget name="min_fitnesstrainer_bottom2" size="426.000000 643.000000" />
    <ImageTarget name="min_fitnesstrainer_bottom" size="470.000000 625.000000" />
    <ImageTarget name="min_zookeeper_top" size="513.000000 557.000000" />
    <ImageTarget name="min_zookeeper_bottom" size="535.000000 329.000000" />
    <ImageTarget name="min_babysitter_bottom" size="499.000000 463.000000" />
    <ImageTarget name="suha" size="295.000000 723.000000" />
    <ImageTarget name="suha_teacher_shos" size="576.000000 396.000000" />
    <ImageTarget name="suha_teacher_top2" size="315.000000 373.000000" />
    <ImageTarget name="suha_officeworker_top2" size="495.000000 405.000000" />
    <ImageTarget name="suha_officeworker_top" size="281.000000 276.000000" />
    <ImageTarget name="suha_officeworker_shoes2" size="489.000000 461.000000" />
    <ImageTarget name="suha_officeworker_shoes" size="340.000000 292.000000" />
    <ImageTarget name="suha_officeworker_bottom2" size="425.000000 416.000000" />
    <ImageTarget name="min_zookeeper_shoes" size="294.000000 316.000000" />
    <ImageTarget name="min_fitnesstrainer_top2" size="281.000000 301.000000" />
    <ImageTarget name="min_fitnesstrainer_top" size="324.000000 265.000000" />
    <ImageTarget name="min_fitnesstrainer_shoes" size="341.000000 265.000000" />
    <ImageTarget name="min_babysitter_top" size="323.000000 287.000000" />
    <ImageTarget name="min_babysitter_shoes" size="304.000000 307.000000" />
    <ImageTarget name="ari_witch_shoes" size="243.000000 407.000000" />
    <ImageTarget name="ari_witch_onepiece" size="317.000000 345.000000" />
    <ImageTarget name="ari_princess_onepiece" size="341.000000 405.000000" />
    <ImageTarget name="ari_princess_acc2" size="340.000000 333.000000" />
    <ImageTarget name="ari_princess_acc" size="333.000000 328.000000" />
    <ImageTarget name="ari_idol_shoes2" size="354.000000 292.000000" />
  </Tracking>
</QCARConfig>
